[
	{
		"dlURL":"garbage.php",
		"getIpURL":"getIP.php",
		"name":"Alabama,USA",
		"pingURL":"empty.php",
		"server":"//fi.openspeed.org",
		"ulURL":"empty.php"
	},
	{
		"dlURL":"garbage.php",
		"getIpURL":"getIP.php",
		"name":"Atlanta,USA",
		"pingURL":"empty.php",
		"server":"//fi.openspeed.org",
		"ulURL":"empty.php"
	},
	{
		"dlURL":"garbage.php",
		"getIpURL":"getIP.php",
		"name":"Washington DC,USA",
		"pingURL":"empty.php",
		"server":"//fi.openspeed.org",
		"ulURL":"empty.php"
	},
	{
		"dlURL":"garbage.php",
		"getIpURL":"getIP.php",
		"name":"Texas,USA",
		"pingURL":"empty.php",
		"server":"//fi.openspeed.org",
		"ulURL":"empty.php"
	},
	{
		"dlURL":"garbage.php",
		"getIpURL":"getIP.php",
		"name":"New York,USA",
		"pingURL":"empty.php",
		"server":"//fi.openspeed.org",
		"ulURL":"empty.php"
	},
	{
		"dlURL":"garbage.php",
		"getIpURL":"getIP.php",
		"name":"Manila,Philippines",
		"pingURL":"empty.php",
		"server":"//fi.openspeed.org",
		"ulURL":"empty.php"
	}
]
