{
  "project_info": {
    "project_number": "413257885999",
    "firebase_url": "https://khanvpn-15472.firebaseio.com",
    "project_id": "khanvpn-15472",
    "storage_bucket": "khanvpn-15472.appspot.com"
  },
  "client": [
    {
      "client_info": {
        "mobilesdk_app_id": "1:413257885999:android:7dec64e4bc1358a00f99da",
        "android_client_info": {
          "package_name": "james.bravo.vpn"
        }
      },
      "oauth_client": [
        {
          "client_id": "413257885999-8b6jbfp3gcscjbktv6pqfsd1pp0jmlgs.apps.googleusercontent.com",
          "client_type": 1,
          "android_info": {
            "package_name": "james.bravo.vpn",
            "certificate_hash": "e0635c552e78705768d9cf653a98eebb48e8847a"
          }
        },
        {
          "client_id": "413257885999-htm3ai5l8ovtbkoqvqiuoa6cijc1jj4n.apps.googleusercontent.com",
          "client_type": 3
        }
      ],
      "api_key": [
        {
          "current_key": "AIzaSyAsWKvDA6cmvmiHUnRgKXm-rgjKRHuLrgc"
        }
      ],
      "services": {
        "appinvite_service": {
          "other_platform_oauth_client": [
            {
              "client_id": "413257885999-htm3ai5l8ovtbkoqvqiuoa6cijc1jj4n.apps.googleusercontent.com",
              "client_type": 3
            }
          ]
        }
      },
      "admob_app_id": "ca-app-pub-3792364728904410~7200057030"
    },
    {
      "client_info": {
        "mobilesdk_app_id": "1:413257885999:android:4a1f8f2206a41e080f99da",
        "android_client_info": {
          "package_name": "khan.raksss.vpn"
        }
      },
      "oauth_client": [
        {
          "client_id": "413257885999-1pdmjvtsu9aq5m3rsol6s031qvd5u5q4.apps.googleusercontent.com",
          "client_type": 1,
          "android_info": {
            "package_name": "khan.raksss.vpn",
            "certificate_hash": "be402417b8c1903122e700f2a977be13e9dc24c5"
          }
        },
        {
          "client_id": "413257885999-htm3ai5l8ovtbkoqvqiuoa6cijc1jj4n.apps.googleusercontent.com",
          "client_type": 3
        }
      ],
      "api_key": [
        {
          "current_key": "AIzaSyAsWKvDA6cmvmiHUnRgKXm-rgjKRHuLrgc"
        }
      ],
      "services": {
        "appinvite_service": {
          "other_platform_oauth_client": [
            {
              "client_id": "413257885999-htm3ai5l8ovtbkoqvqiuoa6cijc1jj4n.apps.googleusercontent.com",
              "client_type": 3
            }
          ]
        }
      },
      "admob_app_id": "ca-app-pub-3792364728904410~3085660007"
    }
  ],
  "configuration_version": "1"
}